Job Title,URL,Experience,Job Type,Description
Django Backend Developer  ,https://www.remotepython.com/jobs/f03bec85023c40dcb30f1b98fde5323c/,N/A,On-site,"
                        We are seeking a highly skilled Django Developer with a strong background in data science to join our team. In this role, you will be responsible for developing and maintaining co…
                      "
Expert python engineer for data science startup  ,https://www.remotepython.com/jobs/72f042b6a6bb407a915bee48483b59be/,N/A,On-site,"
                        We&nbsp;are building a&nbsp;platform that makes it&nbsp;easy to&nbsp;connect any data source to&nbsp;any destination. There is&nbsp;more data being generated in&nbsp;the world eve…
                      "
Back-end Developer  ,https://www.remotepython.com/jobs/73b2d0e6ae0e447c8ab0ad660620ec65/,N/A,On-site,"
                        We are JAN3, a Bitcoin technology company focused on expanding access to Bitcoin and financial freedom around the world. We&rsquo;re a startup founded by Samson Mow, who is best k…
                      "
Lead Developer  ,https://www.remotepython.com/jobs/ff8317a0c78e4957862c08bb20622bf7/,N/A,On-site,"
                        
	Expert full-stack developer (5-7 years experience or exceptional skills)
	Extensive programming experience with TypeScript (NodeJS, Angular)
	Experience with Python (FastAPI)…
                      "
Remote Senior Python Developer with Blockchain Experience  ,https://www.remotepython.com/jobs/1df0ac74918d449e984cb26507970857/,N/A,On-site,"
                        YeagerAI is a pioneering AI research lab dedicated to revolutionizing the way humans and artificial intelligence interact. We are operating at the intersection of blockchain techn…
                      "
Machine Learning Engineer (UK / EU Based)  ,https://www.remotepython.com/jobs/46dcf74c6dd549c697bf0b74ec893ff8/,N/A,On-site,"
                        We are an award winning smart building start-up with patented tech looking to disrupt our market and scale globally. We now have an amazing opportunity for a talented and experien…
                      "
Remote Software Engineer for AI Training Data (Python)  ,https://www.remotepython.com/jobs/ad18a779abcb463e8c2f4cb82098536b/,N/A,On-site,"
                        Accepted Locations

We are accepting applicants from the&nbsp;US, Canada, and most countries in LATAM and Europe. We are accepting some countries in Africa and Asia. For the ful…
                      "
Senior Fullstack Python Engineer  ,https://www.remotepython.com/jobs/256a1d4edc4046b1baea230b20ecd358/,N/A,On-site,"
                        We are seeking a talented and experienced Senior Fullstack Python Engineer to join our team and contribute to the development of cutting-edge systems and products that protect man…
                      "
Algorithm engineer  ,https://www.remotepython.com/jobs/faa9f60fce444b948ae2d426b22a87ec/,N/A,Remote,"
                        Position

Python Engineer with a passion&nbsp;for solving real-world problems using complex AI algorithms. This is a remote position with the opportunity to&nbsp;potentially joi…
                      "
Fully remote - Senior Backend Engineer - Python  ,https://www.remotepython.com/jobs/5445067d8fc248708a3791d16a4375c0/,N/A,On-site,"
                        We&rsquo;re looking for a seasoned Python backend developer with a passion for problem solving and a knack for leadership to join our fully distributed tech team full time. You&#3…
                      "
Full-Stack Developer (Django)  ,https://www.remotepython.com/jobs/83d6c981fc0246a8a1cc5609ca884e3f/,N/A,On-site,"
                        At Copient.ai, our mission is to revolutionize the way companies train and develop their teams. We believe that exceptional learning experiences can only be created by an exceptio…
                      "
Remote Senior Python developer  ,https://www.remotepython.com/jobs/4850d1a51f5a4e0db845243392d96d0f/,N/A,On-site,"
                        A Python developer is wanted to join a small team working on custom CAM (Computer Aided Modelling) automation software. The software is being developed for a very large constructi…
                      "
Remote Full Stack (React/Python) Developer  ,https://www.remotepython.com/jobs/ded3ffcf414c4b1b915856437ef5f6eb/,N/A,On-site,"
                        Time zones:&nbsp;EST (UTC -5),&nbsp;CST (UTC -6),&nbsp;MST (UTC -7),&nbsp;PST (UTC -8),&nbsp;AST (UTC -4),&nbsp;NST (UTC -3:30)
&nbsp;

We&rsquo;re on the hunt for a couple of …
                      "
Machine Learning Intern  ,https://www.remotepython.com/jobs/845e02ebfb4f481fbaf278fe0d96adac/,N/A,On-site,"
                        Amboss Technologies is a data analytics company focused on the Bitcoin Lightning Network. Our products include a lightning explorer, a channel marketplace, and a data API. Our emp…
                      "
Remote Python Developer  ,https://www.remotepython.com/jobs/220aa71471964e759db094036deabe79/,N/A,On-site,"
                        Are you on the hunt for exciting new challenges that boost your professional growth? If you&rsquo;re an innovator by nature and a Python Developer by trade, we&rsquo;d love to hea…
                      "
